USE JOBFAIR;

INSERT INTO COMPANY (name, sector, description, contactEmail, contactPhone)
VALUES
('TechNova', 'Technology', 'AI and Robotics', 'info@technova.ai', '03001234567'),
('GreenFields Ltd', 'Agriculture', 'Organic farming', 'contact@greenfields.pk', '03214567890'),
('SkyNet Systems', 'Technology', 'Automation experts', 'support@skynet.io', '03111234567'),
('EduCore', 'Education', 'Online courses', 'hello@educore.com', '03034561234'),
('MediCure', 'Healthcare', 'Hospital chain', 'care@medicure.org', '03451239876'),
('AgroMax', 'Agriculture', 'Farming equipment', 'info@agromax.com', '03099887766'),
('ByteWorks', 'Technology', 'Software development', 'team@byteworks.dev', '03122334455'),
('EcoTrend', 'Environment', 'Sustainability firm', 'green@ecotrend.net', '03335557788'),
('QuickCart', 'E-Commerce', 'Online shopping', 'service@quickcart.pk', '03216549870'),
('SmartBuild', 'Construction', 'Smart housing', 'contact@smartbuild.co', '03456789123'),
('FinPro', 'Finance', 'Investment services', 'info@finpro.org', '03123456789'),
('BluePeak', 'Travel', 'Adventure tours', 'bookings@bluepeak.pk', '03400112233'),
('CyberDawn', 'Technology', 'Cybersecurity', 'secure@cyberdawn.com', '03007654321'),
('NanoHealth', 'Healthcare', 'Medical nanotech', 'info@nanohealth.io', '03219876543'),
('PakSolar', 'Energy', 'Solar solutions', 'sales@paksolar.pk', '03129876543'),
('BuildRight', 'Construction', 'Contracting services', 'team@buildright.com', '03022334455'),
('Learnix', 'Education', 'EdTech platform', 'contact@learnix.pk', '03421234567'),
('Zenith Bank', 'Finance', 'Commercial banking', 'info@zenithbank.com', '03225678901'),
('Orbit Games', 'Entertainment', 'Mobile games studio', 'support@orbitgames.io', '03007894561'),
('AutoSmart', 'Automobile', 'Smart vehicles', 'hello@autosmart.pk', '03330123456'),
('Genex Labs', 'Healthcare', 'Biotech research', 'genex@labs.org', '03119998877'),
('TravelNest', 'Travel', 'Travel agency', 'hello@travelnest.pk', '03452233445'),
('PakBooks', 'Publishing', 'Book distribution', 'info@pakbooks.com', '03012344321'),
('FashNova', 'Retail', 'Clothing brand', 'support@fashnova.pk', '03213459876'),
('AquaPure', 'Utilities', 'Water purification', 'contact@aquapure.pk', '03409876543');


INSERT INTO USERS (name, email, password, phoneNumber, role, isApproved, isActive)
VALUES

-- Admins
('Admin One', 'admin1@jobfair.com', 'adminpass1', '03001234567', 'Admin', 1, 1),
('Admin Two', 'admin2@jobfair.com', 'adminpass2', '03007654321', 'Admin', 1, 1),

-- Students
('Ahmed', 'i230001@isb.nu.edu.pk', 'pass123', '03010000001', 'Student', 1, 1),
('Ali', 'i230002@isb.nu.edu.pk', 'pass123', '03010000002', 'Student', 1, 1),
('Usman', 'i230003@isb.nu.edu.pk', 'pass123', '03010000003', 'Student', 1, 1),
('Hassan', 'i230004@isb.nu.edu.pk', 'pass123', '03010000004', 'Student', 1, 1),
('Bilal', 'i230005@isb.nu.edu.pk', 'pass123', '03010000005', 'Student', 1, 1),
('Kashif', 'i230006@isb.nu.edu.pk', 'pass123', '03010000006', 'Student', 1, 1),
('Zain', 'i230007@isb.nu.edu.pk', 'pass123', '03010000007', 'Student', 1, 1),
('Salman', 'i230008@isb.nu.edu.pk', 'pass123', '03010000008', 'Student', 1, 1),
('Hamza', 'i230009@isb.nu.edu.pk', 'pass123', '03010000009', 'Student', 1, 1),
('Imran', 'i230010@isb.nu.edu.pk', 'pass123', '03010000010', 'Student', 1, 1),
('Tariq', 'i230011@isb.nu.edu.pk', 'pass123', '03010000011', 'Student', 1, 1),
('Faizan', 'i230012@isb.nu.edu.pk', 'pass123', '03010000012', 'Student', 1, 1),
('Shoaib', 'i230013@isb.nu.edu.pk', 'pass123', '03010000013', 'Student', 1, 1),
('Junaid', 'i230014@isb.nu.edu.pk', 'pass123', '03010000014', 'Student', 1, 1),
('Rizwan', 'i230015@isb.nu.edu.pk', 'pass123', '03010000015', 'Student', 1, 1),
('Shahid', 'i230016@isb.nu.edu.pk', 'pass123', '03010000016', 'Student', 1, 1),
('Fahad', 'i230017@isb.nu.edu.pk', 'pass123', '03010000017', 'Student', 1, 1),
('Adnan', 'i230018@isb.nu.edu.pk', 'pass123', '03010000018', 'Student', 1, 1),
('Ahsan', 'i230019@isb.nu.edu.pk', 'pass123', '03010000019', 'Student', 1, 1),
('Noman', 'i230020@isb.nu.edu.pk', 'pass123', '03010000020', 'Student', 1, 1),
('Yasir', 'i230021@isb.nu.edu.pk', 'pass123', '03010000021', 'Student', 1, 1),
('Atif', 'i230022@isb.nu.edu.pk', 'pass123', '03010000022', 'Student', 1, 1),
('Asad', 'i230023@isb.nu.edu.pk', 'pass123', '03010000023', 'Student', 1, 1),
('Waqas', 'i230024@isb.nu.edu.pk', 'pass123', '03010000024', 'Student', 1, 1),
('Kamran', 'i230025@isb.nu.edu.pk', 'pass123', '03010000025', 'Student', 1, 1),
('Taimoor', 'i230026@isb.nu.edu.pk', 'pass123', '03010000026', 'Student', 1, 1),
('Zeeshan', 'i230027@isb.nu.edu.pk', 'pass123', '03010000027', 'Student', 1, 1),
('Owais', 'i230028@isb.nu.edu.pk', 'pass123', '03010000028', 'Student', 1, 1),
('Naveed', 'i230029@isb.nu.edu.pk', 'pass123', '03010000029', 'Student', 1, 1),
('Abdullah', 'i230030@isb.nu.edu.pk', 'pass123', '03010000030', 'Student', 1, 1),
('Jawad', 'i230031@isb.nu.edu.pk', 'pass123', '03010000031', 'Student', 1, 1),
('Saad', 'i230032@isb.nu.edu.pk', 'pass123', '03010000032', 'Student', 1, 1),
('Hammad', 'i230033@isb.nu.edu.pk', 'pass123', '03010000033', 'Student', 1, 1),
('Rehan', 'i230034@isb.nu.edu.pk', 'pass123', '03010000034', 'Student', 1, 1),
('Sarfaraz', 'i230035@isb.nu.edu.pk', 'pass123', '03010000035', 'Student', 1, 1),
('Farhan', 'i230036@isb.nu.edu.pk', 'pass123', '03010000036', 'Student', 1, 1),
('Moazzam', 'i230037@isb.nu.edu.pk', 'pass123', '03010000037', 'Student', 1, 1),
('Haroon', 'i230038@isb.nu.edu.pk', 'pass123', '03010000038', 'Student', 1, 1),
('Basit', 'i230039@isb.nu.edu.pk', 'pass123', '03010000039', 'Student', 1, 1),
('Umer', 'i230040@isb.nu.edu.pk', 'pass123', '03010000040', 'Student', 1, 1),
('Rameez', 'i230041@isb.nu.edu.pk', 'pass123', '03010000041', 'Student', 1, 1),
('Shahrukh', 'i230042@isb.nu.edu.pk', 'pass123', '03010000042', 'Student', 1, 1),
('Shehryar', 'i230043@isb.nu.edu.pk', 'pass123', '03010000043', 'Student', 1, 1),
('Danish', 'i230044@isb.nu.edu.pk', 'pass123', '03010000044', 'Student', 1, 1),
('Adeel', 'i230045@isb.nu.edu.pk', 'pass123', '03010000045', 'Student', 1, 1),
('Talha', 'i230046@isb.nu.edu.pk', 'pass123', '03010000046', 'Student', 1, 1),
('Furqan', 'i230047@isb.nu.edu.pk', 'pass123', '03010000047', 'Student', 1, 1),
('Murtaza', 'i230048@isb.nu.edu.pk', 'pass123', '03010000048', 'Student', 1, 1),
('Sarmad', 'i230049@isb.nu.edu.pk', 'pass123', '03010000049', 'Student', 1, 1),
('Hashim', 'i230050@isb.nu.edu.pk', 'pass123', '03010000050', 'Student', 1, 1),
('Suleman', 'i230051@isb.nu.edu.pk', 'pass123', '03010000051', 'Student', 1, 1),
('Ammar', 'i230052@isb.nu.edu.pk', 'pass123', '03010000052', 'Student', 1, 1),
('Anas', 'i230053@isb.nu.edu.pk', 'pass123', '03010000053', 'Student', 1, 1),
('Kamil', 'i230054@isb.nu.edu.pk', 'pass123', '03010000054', 'Student', 1, 1),
('Raheel', 'i230055@isb.nu.edu.pk', 'pass123', '03010000055', 'Student', 1, 1),
('Faisal', 'i230056@isb.nu.edu.pk', 'pass123', '03010000056', 'Student', 1, 1),
('Haider', 'i230057@isb.nu.edu.pk', 'pass123', '03010000057', 'Student', 1, 1),
('Iqbal', 'i230058@isb.nu.edu.pk', 'pass123', '03010000058', 'Student', 1, 1),
('Waqar', 'i230059@isb.nu.edu.pk', 'pass123', '03010000059', 'Student', 1, 1),
('Sajjad', 'i230060@isb.nu.edu.pk', 'pass123', '03010000060', 'Student', 1, 1),
('Mustafa', 'i230061@isb.nu.edu.pk', 'pass123', '03010000061', 'Student', 1, 1),
('Mahad', 'i230062@isb.nu.edu.pk', 'pass123', '03010000062', 'Student', 1, 1),
('Zubair', 'i230063@isb.nu.edu.pk', 'pass123', '03010000063', 'Student', 1, 1),
('Nashit', 'i230064@isb.nu.edu.pk', 'pass123', '03010000064', 'Student', 1, 1),
('Tufail', 'i230065@isb.nu.edu.pk', 'pass123', '03010000065', 'Student', 1, 1),
('Jibran', 'i230066@isb.nu.edu.pk', 'pass123', '03010000066', 'Student', 1, 1),
('Yahya', 'i230067@isb.nu.edu.pk', 'pass123', '03010000067', 'Student', 1, 1),
('Sameer', 'i230068@isb.nu.edu.pk', 'pass123', '03010000068', 'Student', 1, 1),
('Mehmood', 'i230069@isb.nu.edu.pk', 'pass123', '03010000069', 'Student', 1, 1),
('Ibrahim', 'i230070@isb.nu.edu.pk', 'pass123', '03010000070', 'Student', 1, 1),
('Ayaan', 'i230071@isb.nu.edu.pk', 'pass123', '03010000071', 'Student', 1, 1),
('Ayaz', 'i230072@isb.nu.edu.pk', 'pass123', '03010000072', 'Student', 1, 1),
('Saeed', 'i230073@isb.nu.edu.pk', 'pass123', '03010000073', 'Student', 1, 1),
('Ismail', 'i230074@isb.nu.edu.pk', 'pass123', '03010000074', 'Student', 1, 1),
('Mirza', 'i230075@isb.nu.edu.pk', 'pass123', '03010000075', 'Student', 1, 1),
('Ehsan', 'i230076@isb.nu.edu.pk', 'pass123', '03010000076', 'Student', 1, 1),
('Abbas', 'i230077@isb.nu.edu.pk', 'pass123', '03010000077', 'Student', 1, 1),
('Aftab', 'i230078@isb.nu.edu.pk', 'pass123', '03010000078', 'Student', 1, 1),
('Shabbir', 'i230079@isb.nu.edu.pk', 'pass123', '03010000079', 'Student', 1, 1),
('Naeem', 'i230080@isb.nu.edu.pk', 'pass123', '03010000080', 'Student', 1, 1),
('Rashid', 'i230081@isb.nu.edu.pk', 'pass123', '03010000081', 'Student', 1, 1),
('Azhar', 'i230082@isb.nu.edu.pk', 'pass123', '03010000082', 'Student', 1, 1),
('Sabir', 'i230083@isb.nu.edu.pk', 'pass123', '03010000083', 'Student', 1, 1),
('Hafeez', 'i230084@isb.nu.edu.pk', 'pass123', '03010000084', 'Student', 1, 1),
('Munir', 'i230085@isb.nu.edu.pk', 'pass123', '03010000085', 'Student', 1, 1),

-- Recruiters
('Adnan Qureshi', 'adnan.qureshi@technova.ai', 'recpass1', '03110000001', 'Recruiter', 1, 1),
('Bushra Siddiqui', 'bushra.siddiqui@greenfields.pk', 'recpass2', '03110000002', 'Recruiter', 1, 1),
('Faisal Mehmood', 'faisal.mehmood@skynet.io', 'recpass3', '03110000003', 'Recruiter', 1, 1),
('Nadia Jamal', 'nadia.jamal@educore.com', 'recpass4', '03110000004', 'Recruiter', 1, 1),
('Talha Waheed', 'talha.waheed@medicure.org', 'recpass5', '03110000005', 'Recruiter', 1, 1),
('Hira Nadeem', 'hira.nadeem@agromax.com', 'recpass6', '03110000006', 'Recruiter', 1, 1),
('Shoaib Bashir', 'shoaib.bashir@byteworks.dev', 'recpass7', '03110000007', 'Recruiter', 1, 1),
('Farah Saeed', 'farah.saeed@ecotrend.net', 'recpass8', '03110000008', 'Recruiter', 1, 1),
('Rizwan Khalid', 'rizwan.khalid@quickcart.pk', 'recpass9', '03110000009', 'Recruiter', 1, 1),
('Mehwish Ali', 'mehwish.ali@smartbuild.co', 'recpass10', '03110000010', 'Recruiter', 1, 1),
('Zeeshan Rauf', 'zeeshan.rauf@finpro.org', 'recpass11', '03110000011', 'Recruiter', 1, 1),
('Amna Shahid', 'amna.shahid@bluepeak.pk', 'recpass12', '03110000012', 'Recruiter', 1, 1),
('Noman Farooq', 'noman.farooq@cyberdawn.com', 'recpass13', '03110000013', 'Recruiter', 1, 1),
('Areeba Khan', 'areeba.khan@nanohealth.io', 'recpass14', '03110000014', 'Recruiter', 1, 1),
('Tariq Jameel', 'tariq.jameel@paksolar.pk', 'recpass15', '03110000015', 'Recruiter', 1, 1),
('Sana Irfan', 'sana.irfan@buildright.com', 'recpass16', '03110000016', 'Recruiter', 1, 1),
('Junaid Haroon', 'junaid.haroon@learnix.pk', 'recpass17', '03110000017', 'Recruiter', 1, 1),
('Mariam Yusuf', 'mariam.yusuf@zenithbank.com', 'recpass18', '03110000018', 'Recruiter', 1, 1),
('Zubair Ansari', 'zubair.ansari@orbitgames.io', 'recpass19', '03110000019', 'Recruiter', 1, 1),
('Hina Akbar', 'hina.akbar@autosmart.pk', 'recpass20', '03110000020', 'Recruiter', 1, 1),
('Kamran Rizvi', 'kamran.rizvi@genexlabs.org', 'recpass21', '03110000021', 'Recruiter', 1, 1),
('Rabia Tariq', 'rabia.tariq@travelnest.pk', 'recpass22', '03110000022', 'Recruiter', 1, 1),
('Abdullah Niazi', 'abdullah.niazi@pakbooks.com', 'recpass23', '03110000023', 'Recruiter', 1, 1),
('Mahnoor Aftab', 'mahnoor.aftab@fashnova.pk', 'recpass24', '03110000024', 'Recruiter', 1, 1),
('Waqas Habib', 'waqas.habib@aquapure.pk', 'recpass25', '03110000025', 'Recruiter', 1, 1),

('Ayesha Khan', 'ayesha.khan@boothcoord.pk', 'ayesha123', '03210000001', 'BoothCoordinator', 1, 1),
('Hassan Raza', 'hassan.raza@boothcoord.pk', 'hassan123', '03210000002', 'BoothCoordinator', 1, 1),
('Fatima Ahmed', 'fatima.ahmed@boothcoord.pk', 'fatima123', '03210000003', 'BoothCoordinator', 1, 1),
('Usman Tariq', 'usman.tariq@boothcoord.pk', 'usman123', '03210000004', 'BoothCoordinator', 1, 1),
('Mariam Ali', 'mariam.ali@boothcoord.pk', 'mariam123', '03210000005', 'BoothCoordinator', 1, 1);


INSERT INTO STUDENT (studentId, batchYear, status, userId)
VALUES
('23I-0001', 2023, 'Active', 3),
('23I-0002', 2023, 'Active', 4),
('23I-0003', 2023, 'Active', 5),
('23I-0004', 2023, 'Active', 6),
('23I-0005', 2023, 'Active', 7),
('23I-0006', 2023, 'Active', 8),
('23I-0007', 2023, 'Active', 9),
('23I-0008', 2023, 'Active', 10),
('23I-0009', 2023, 'Active', 11),
('23I-0010', 2023, 'Active', 12),
('23I-0011', 2023, 'Active', 13),
('23I-0012', 2023, 'Active', 14),
('23I-0013', 2023, 'Active', 15),
('23I-0014', 2023, 'Active', 16),
('23I-0015', 2023, 'Active', 17),
('23I-0016', 2023, 'Active', 18),
('23I-0017', 2023, 'Active', 19),
('23I-0018', 2023, 'Active', 20),
('23I-0019', 2023, 'Active', 21),
('23I-0020', 2023, 'Active', 22),
('23I-0021', 2023, 'Active', 23),
('23I-0022', 2023, 'Active', 24),
('23I-0023', 2023, 'Active', 25),
('23I-0024', 2023, 'Active', 26),
('23I-0025', 2023, 'Active', 27),
('23I-0026', 2023, 'Active', 28),
('23I-0027', 2023, 'Active', 29),
('23I-0028', 2023, 'Active', 30),
('23I-0029', 2023, 'Active', 31),
('23I-0030', 2023, 'Active', 32),
('23I-0031', 2023, 'Active', 33),
('23I-0032', 2023, 'Active', 34),
('23I-0033', 2023, 'Active', 35),
('23I-0034', 2023, 'Active', 36),
('23I-0035', 2023, 'Active', 37),
('23I-0036', 2023, 'Active', 38),
('23I-0037', 2023, 'Active', 39),
('23I-0038', 2023, 'Active', 40),
('23I-0039', 2023, 'Active', 41),
('23I-0040', 2023, 'Active', 42),
('23I-0041', 2023, 'Active', 43),
('23I-0042', 2023, 'Active', 44),
('23I-0043', 2023, 'Active', 45),
('23I-0044', 2023, 'Active', 46),
('23I-0045', 2023, 'Active', 47),
('23I-0046', 2023, 'Active', 48),
('23I-0047', 2023, 'Active', 49),
('23I-0048', 2023, 'Active', 50),
('23I-0049', 2023, 'Active', 51),
('23I-0050', 2023, 'Active', 52),
('23I-0051', 2023, 'Active', 53),
('23I-0052', 2023, 'Active', 54),
('23I-0053', 2023, 'Active', 55),
('23I-0054', 2023, 'Active', 56),
('23I-0055', 2023, 'Active', 57),
('23I-0056', 2023, 'Active', 58),
('23I-0057', 2023, 'Active', 59),
('23I-0058', 2023, 'Active', 60),
('23I-0059', 2023, 'Active', 61),
('23I-0060', 2023, 'Active', 62),
('23I-0061', 2023, 'Active', 63),
('23I-0062', 2023, 'Active', 64),
('23I-0063', 2023, 'Active', 65),
('23I-0064', 2023, 'Active', 66),
('23I-0065', 2023, 'Active', 67),
('23I-0066', 2023, 'Active', 68),
('23I-0067', 2023, 'Active', 69),
('23I-0068', 2023, 'Active', 70),
('23I-0069', 2023, 'Active', 71),
('23I-0070', 2023, 'Active', 72),
('23I-0071', 2023, 'Active', 73),
('23I-0072', 2023, 'Active', 74),
('23I-0073', 2023, 'Active', 75),
('23I-0074', 2023, 'Active', 76),
('23I-0075', 2023, 'Active', 77),
('23I-0076', 2023, 'Active', 78),
('23I-0077', 2023, 'Active', 79),
('23I-0078', 2023, 'Active', 80),
('23I-0079', 2023, 'Active', 81),
('23I-0080', 2023, 'Active', 82),
('23I-0081', 2023, 'Active', 83),
('23I-0082', 2023, 'Active', 84),
('23I-0083', 2023, 'Active', 85),
('23I-0084', 2023, 'Active', 86),
('23I-0085', 2023, 'Active', 87);

INSERT INTO SKILL (title, type, issuedBy, description, issuedDate, studentId)
VALUES
('Java Programming', 'Technical', 'Oracle', 'A comprehensive course on Java programming language', '2023-05-01', '23I-0001'),
('Data Structures', 'Technical', 'Coursera', 'Learned about trees, linked lists, and graphs', '2023-06-15', '23I-0002'),
('Leadership Skills', 'Soft', 'Harvard University', 'A course on building leadership qualities', '2023-07-20', '23I-0003'),
('English Communication', 'Language', 'British Council', 'Improved English speaking and writing skills', '2023-08-10', '23I-0004'),
('Problem Solving', 'Technical', 'Udemy', 'Developed problem-solving skills in programming', '2023-09-25', '23I-0005'),
('Teamwork', 'Soft', 'Coursera', 'Developed collaboration and teamwork strategies', '2023-11-03', '23I-0006'),
('Python Basics', 'Technical', 'Codecademy', 'Learned basic Python programming syntax and concepts', '2023-10-15', '23I-0007'),
('Creative Writing', 'Soft', 'University of London', 'A course to enhance creative writing skills', '2023-12-01', '23I-0008'),
('Spanish Language', 'Language', 'Duolingo', 'Beginner course for learning Spanish language', '2023-08-05', '23I-0009'),
('SQL for Beginners', 'Technical', 'Pluralsight', 'Understanding the basics of SQL for database management', '2023-11-12', '23I-0010'),
('Critical Thinking', 'Soft', 'Udemy', 'Improved analytical and critical thinking skills', '2023-07-25', '23I-0011'),
('Machine Learning', 'Technical', 'Coursera', 'Introduction to Machine Learning concepts and algorithms', '2023-06-30', '23I-0012'),
('Time Management', 'Soft', 'LinkedIn Learning', 'Techniques to better manage and organize time', '2023-05-20', '23I-0013'),
('French Language', 'Language', 'Duolingo', 'Completed beginner-level French language course', '2023-10-01', '23I-0014'),
('Web Development', 'Technical', 'Udemy', 'Learned HTML, CSS, and JavaScript for web development', '2023-09-10', '23I-0015'),
('Public Speaking', 'Soft', 'Toastmasters', 'Improved public speaking and presentation skills', '2023-07-05', '23I-0016'),
('C Programming', 'Technical', 'Udemy', 'Learned C programming fundamentals and algorithms', '2023-09-15', '23I-0017'),
('Customer Service', 'Soft', 'Coursera', 'Developed skills for handling customer inquiries effectively', '2023-10-10', '23I-0018'),
('German Language', 'Language', 'Goethe Institute', 'Basic knowledge of the German language', '2023-11-10', '23I-0019'),
('Project Management', 'Soft', 'Project Management Institute', 'Learned project management fundamentals and tools', '2023-08-15', '23I-0020'),
('Data Science', 'Technical', 'Coursera', 'Introduction to Data Science concepts and tools', '2023-09-01', '23I-0021'),
('Digital Marketing', 'Technical', 'Google', 'Learned fundamentals of digital marketing', '2023-12-05', '23I-0022'),
('SQL Advanced', 'Technical', 'EdX', 'Advanced concepts in SQL and complex query optimization', '2023-06-20', '23I-0023'),
('Python for Data Science', 'Technical', 'Coursera', 'Applied Python skills to Data Science projects', '2023-07-12', '23I-0024'),
('Social Media Strategy', 'Technical', 'LinkedIn Learning', 'Developed strategies for managing social media campaigns', '2023-11-18', '23I-0025'),
('Negotiation Skills', 'Soft', 'Harvard University', 'Learned effective negotiation techniques for business', '2023-08-12', '23I-0026'),
('R Programming', 'Technical', 'DataCamp', 'Learned R programming for data analysis', '2023-05-25', '23I-0027'),
('English Writing', 'Language', 'University of California', 'Improved academic writing skills in English', '2023-10-05', '23I-0028'),
('Public Relations', 'Soft', 'LinkedIn Learning', 'Mastered public relations strategies for business growth', '2023-07-22', '23I-0029'),
('Photography', 'Other', 'Udemy', 'Learned photography skills and techniques', '2023-11-28', '23I-0030'),
('Game Development', 'Technical', 'Udacity', 'Learned game development fundamentals using Unity', '2023-09-05', '23I-0031'),
('Presentation Skills', 'Soft', 'Coursera', 'Improved PowerPoint and public presentation skills', '2023-10-08', '23I-0032'),
('Web Security', 'Technical', 'Coursera', 'Learned website security techniques and practices', '2023-12-12', '23I-0033'),
('Networking Basics', 'Technical', 'Cisco', 'Introduction to computer networking fundamentals', '2023-08-20', '23I-0034'),
('Data Analysis', 'Technical', 'Udemy', 'Learned to analyze data using Python and Excel', '2023-11-02', '23I-0035'),
('Video Editing', 'Other', 'YouTube', 'Learned video editing techniques using Adobe Premiere', '2023-09-28', '23I-0036'),
('Business Analytics', 'Technical', 'LinkedIn Learning', 'Mastered business analysis tools like Tableau', '2023-10-25', '23I-0037'),
('Advanced Python', 'Technical', 'Pluralsight', 'Advanced Python concepts for data analysis', '2023-07-30', '23I-0038'),
('Business Communication', 'Soft', 'Coursera', 'Learned business communication techniques for professionals', '2023-08-30', '23I-0039'),
('Photoshop Basics', 'Other', 'Adobe', 'Learned basic skills in Adobe Photoshop', '2023-11-18', '23I-0040'),
('Artificial Intelligence', 'Technical', 'Udacity', 'Learned AI concepts and neural networks', '2023-10-20', '23I-0041'),
('Cloud Computing', 'Technical', 'AWS', 'Fundamentals of cloud computing with AWS', '2023-09-12', '23I-0042'),
('Digital Design', 'Other', 'LinkedIn Learning', 'Learned design principles for creating digital art', '2023-10-22', '23I-0043'),
('Team Management', 'Soft', 'Harvard University', 'Learned effective team management strategies', '2023-12-03', '23I-0044'),
('JavaScript for Web', 'Technical', 'Udemy', 'Learned JavaScript to build interactive websites', '2023-06-30', '23I-0045'),
('Financial Modeling', 'Technical', 'Coursera', 'Learned financial modeling for business forecasting', '2023-08-18', '23I-0046'),
('Excel for Data Analysis', 'Technical', 'Coursera', 'Learned advanced Excel skills for data analysis', '2023-09-22', '23I-0047'),
('Basic HTML', 'Technical', 'Codecademy', 'Learned HTML basics for website creation', '2023-05-15', '23I-0048'),
('App Development', 'Technical', 'Udacity', 'Learned mobile app development for Android and iOS', '2023-11-07', '23I-0049'),
('Ethical Hacking', 'Technical', 'Udemy', 'Learned techniques for ethical hacking and cybersecurity', '2023-07-09', '23I-0050'),
('Digital Photography', 'Other', 'Coursera', 'Learned techniques for digital photography', '2023-10-17', '23I-0051'),
('Web Development Fundamentals', 'Technical', 'Udemy', 'Learned the fundamentals of web development including HTML and CSS', '2023-08-25', '23I-0052'),
('Leadership Training', 'Soft', 'Harvard Business School', 'Leadership and management course for professionals', '2023-10-10', '23I-0053'),
('Financial Accounting', 'Technical', 'Coursera', 'Learned basic financial accounting concepts', '2023-11-01', '23I-0054'),
('Content Marketing', 'Technical', 'HubSpot Academy', 'Learned content marketing strategies and practices', '2023-09-15', '23I-0055'),
('Database Management', 'Technical', 'Oracle', 'Learned SQL and database management techniques', '2023-06-25', '23I-0056'),
('Corporate Finance', 'Technical', 'Udemy', 'Introduction to corporate finance and capital management', '2023-08-20', '23I-0057'),
('Creative Design', 'Other', 'Udemy', 'Learned creative design tools and techniques for business', '2023-07-14', '23I-0058'),
('Agile Project Management', 'Technical', 'Coursera', 'Learned agile methodologies for project management', '2023-06-10', '23I-0059'),
('C++ Programming', 'Technical', 'Udemy', 'Learned the basics of C++ programming', '2023-10-12', '23I-0060'),
('Human Resources Management', 'Soft', 'LinkedIn Learning', 'Learned HR management skills for organizational success', '2023-07-05', '23I-0061'),
('Blockchain Technology', 'Technical', 'Udemy', 'Introduction to blockchain and cryptocurrency technologies', '2023-09-02', '23I-0062'),
('Advanced Excel', 'Technical', 'LinkedIn Learning', 'Mastered advanced Excel functions for business analysis', '2023-08-30', '23I-0063'),
('Cybersecurity Basics', 'Technical', 'Coursera', 'Learned foundational concepts in cybersecurity and ethical hacking', '2023-07-17', '23I-0064'),
('Data Visualization with Tableau', 'Technical', 'Udacity', 'Learned to create data visualizations with Tableau', '2023-09-05', '23I-0065'),
('E-Commerce Marketing', 'Technical', 'Coursera', 'Learned digital marketing strategies for e-commerce businesses', '2023-06-19', '23I-0066'),
('Cloud Security', 'Technical', 'Amazon Web Services', 'Learned cloud security best practices for AWS', '2023-11-22', '23I-0067'),
('Supply Chain Management', 'Soft', 'LinkedIn Learning', 'Learned the fundamentals of supply chain management', '2023-08-22', '23I-0068'),
('Advanced Data Science', 'Technical', 'Coursera', 'Mastered advanced data science techniques with R and Python', '2023-09-28', '23I-0069'),
('Digital Illustration', 'Other', 'Skillshare', 'Learned techniques for digital illustration and design', '2023-10-20', '23I-0070'),
('Android App Development', 'Technical', 'Udemy', 'Developed skills in building Android mobile applications', '2023-07-12', '23I-0071'),
('Quantitative Analysis', 'Technical', 'Coursera', 'Learned quantitative analysis techniques for business decisions', '2023-08-14', '23I-0072'),
('Networking and Security', 'Technical', 'Cisco', 'Learned networking and security fundamentals', '2023-09-23', '23I-0073'),
('SEO Optimization', 'Technical', 'Google', 'Learned Search Engine Optimization techniques for websites', '2023-06-03', '23I-0074'),
('Customer Relationship Management', 'Soft', 'Salesforce', 'Learned CRM strategies for managing customer relationships', '2023-09-10', '23I-0075'),
('Robotics Fundamentals', 'Technical', 'Coursera', 'Learned the basics of robotics and automation systems', '2023-10-07', '23I-0076'),
('Creative Problem Solving', 'Soft', 'Udemy', 'Learned creative problem-solving techniques in business', '2023-07-21', '23I-0077'),
('Business Intelligence', 'Technical', 'LinkedIn Learning', 'Mastered business intelligence tools like Power BI', '2023-06-08', '23I-0078'),
('English for Business', 'Language', 'Coursera', 'Learned business English for professional communication', '2023-11-14', '23I-0079'),
('Personal Finance Management', 'Soft', 'Udemy', 'Learned personal finance management and budgeting techniques', '2023-09-18', '23I-0080'),
('Writing for Business', 'Soft', 'University of California', 'Learned writing skills for professional business communication', '2023-08-02', '23I-0081'),
('Artificial Intelligence Fundamentals', 'Technical', 'Udemy', 'Introduction to Artificial Intelligence technologies and applications', '2023-10-09', '23I-0082'),
('Big Data Analytics', 'Technical', 'Coursera', 'Learned how to analyze large datasets using Hadoop and Spark', '2023-07-11', '23I-0083'),
('Crisis Management', 'Soft', 'LinkedIn Learning', 'Learned how to handle business crises effectively', '2023-06-15', '23I-0084'),
('UI/UX Design', 'Other', 'Udemy', 'Learned principles of UI/UX design for mobile apps and websites', '2023-08-07', '23I-0085'),
('Artificial Intelligence for Business', 'Technical', 'Coursera', 'Learned how AI can be applied to business models', '2023-09-10', '23I-0001'),
('Web Application Security', 'Technical', 'Udemy', 'Learned security best practices for web applications', '2023-11-01', '23I-0002'),
('Data Structures & Algorithms', 'Technical', 'Udemy', 'Mastered data structures and algorithms for coding interviews', '2023-08-17', '23I-0003'),
('Introduction to Machine Learning', 'Technical', 'Coursera', 'Learned the fundamentals of machine learning techniques', '2023-07-28', '23I-0004'),
('Photography Basics', 'Other', 'Udemy', 'Learned the basics of photography for business and personal use', '2023-06-20', '23I-0005'),
('Social Media Marketing', 'Technical', 'HubSpot Academy', 'Learned strategies for social media marketing and brand building', '2023-08-03', '23I-0006'),
('Introduction to Data Analytics', 'Technical', 'Coursera', 'Learned data analytics basics for making informed decisions', '2023-09-22', '23I-0007'),
('Cloud Computing', 'Technical', 'Amazon Web Services', 'Learned the essentials of cloud computing and AWS services', '2023-10-11', '23I-0008'),
('Public Speaking', 'Soft', 'Toastmasters International', 'Learned public speaking skills for effective communication', '2023-08-25', '23I-0009'),
('Product Management', 'Soft', 'LinkedIn Learning', 'Learned the core skills for successful product management', '2023-07-12', '23I-0010'),
('Conflict Resolution', 'Soft', 'Udemy', 'Learned how to handle and resolve conflicts in a professional environment', '2023-09-06', '23I-0011'),
('Mobile App Design', 'Technical', 'Udemy', 'Learned the basics of designing mobile applications', '2023-11-12', '23I-0012'),
('Business Negotiation Skills', 'Soft', 'Coursera', 'Learned negotiation strategies for business deals', '2023-06-30', '23I-0013'),
('Network Administration', 'Technical', 'LinkedIn Learning', 'Learned the essentials of network administration and security', '2023-07-14', '23I-0014'),
('Digital Marketing Strategies', 'Technical', 'Google', 'Learned how to build and implement digital marketing strategies', '2023-10-13', '23I-0015');

INSERT INTO ACADEMIC_RECORD (gpa, currentSemester, degreeProgram, studentId) 
VALUES
(3.5, 'Fall', 'CS', '23I-0001'),
(3.8, 'Spring', 'AI', '23I-0002'),
(3.6, 'Summer', 'SE', '23I-0003'),
(3.9, 'Fall', 'DS', '23I-0004'),
(3.7, 'Spring', 'CS', '23I-0005'),
(3.3, 'Summer', 'SE', '23I-0006'),
(3.5, 'Fall', 'AI', '23I-0007'),
(3.4, 'Spring', 'DS', '23I-0008'),
(3.2, 'Summer', 'SE', '23I-0009'),
(3.7, 'Fall', 'AI', '23I-0010'),
(3.9, 'Spring', 'CS', '23I-0011'),
(3.8, 'Summer', 'DS', '23I-0012'),
(3.6, 'Fall', 'SE', '23I-0013'),
(3.4, 'Spring', 'CS', '23I-0014'),
(3.5, 'Summer', 'AI', '23I-0015'),
(3.7, 'Fall', 'DS', '23I-0016'),
(3.9, 'Spring', 'SE', '23I-0017'),
(3.6, 'Summer', 'AI', '23I-0018'),
(3.3, 'Fall', 'DS', '23I-0019'),
(3.8, 'Spring', 'CS', '23I-0020'),
(3.4, 'Summer', 'SE', '23I-0021'),
(3.5, 'Fall', 'AI', '23I-0022'),
(3.2, 'Spring', 'DS', '23I-0023'),
(3.7, 'Summer', 'SE', '23I-0024'),
(3.6, 'Fall', 'CS', '23I-0025'),
(3.8, 'Spring', 'AI', '23I-0026'),
(3.9, 'Summer', 'DS', '23I-0027'),
(3.5, 'Fall', 'SE', '23I-0028'),
(3.7, 'Spring', 'AI', '23I-0029'),
(3.6, 'Summer', 'CS', '23I-0030'),
(3.8, 'Fall', 'DS', '23I-0031'),
(3.4, 'Spring', 'SE', '23I-0032'),
(3.5, 'Summer', 'AI', '23I-0033'),
(3.7, 'Fall', 'CS', '23I-0034'),
(3.6, 'Spring', 'DS', '23I-0035'),
(3.9, 'Summer', 'SE', '23I-0036'),
(3.4, 'Fall', 'AI', '23I-0037'),
(3.5, 'Spring', 'CS', '23I-0038'),
(3.7, 'Summer', 'SE', '23I-0039'),
(3.6, 'Fall', 'AI', '23I-0040'),
(3.9, 'Spring', 'DS', '23I-0041'),
(3.8, 'Summer', 'CS', '23I-0042'),
(3.7, 'Fall', 'AI', '23I-0043'),
(3.5, 'Spring', 'SE', '23I-0044'),
(3.4, 'Summer', 'CS', '23I-0045'),
(3.3, 'Fall', 'AI', '23I-0046'),
(3.8, 'Spring', 'DS', '23I-0047'),
(3.6, 'Summer', 'SE', '23I-0048'),
(3.7, 'Fall', 'AI', '23I-0049'),
(3.5, 'Spring', 'CS', '23I-0050'),
(3.6, 'Summer', 'DS', '23I-0051'),
(3.8, 'Fall', 'SE', '23I-0052'),
(3.9, 'Spring', 'AI', '23I-0053'),
(3.5, 'Summer', 'CS', '23I-0054'),
(3.7, 'Fall', 'DS', '23I-0055'),
(3.6, 'Spring', 'AI', '23I-0056'),
(3.8, 'Summer', 'SE', '23I-0057'),
(3.7, 'Fall', 'DS', '23I-0058'),
(3.9, 'Spring', 'AI', '23I-0059'),
(3.6, 'Summer', 'CS', '23I-0060'),
(3.5, 'Fall', 'DS', '23I-0061'),
(3.8, 'Spring', 'SE', '23I-0062'),
(3.7, 'Summer', 'AI', '23I-0063'),
(3.5, 'Fall', 'CS', '23I-0064'),
(3.4, 'Spring', 'DS', '23I-0065'),
(3.9, 'Summer', 'SE', '23I-0066'),
(3.7, 'Fall', 'AI', '23I-0067'),
(3.5, 'Spring', 'CS', '23I-0068'),
(3.6, 'Summer', 'DS', '23I-0069'),
(3.9, 'Fall', 'SE', '23I-0070'),
(3.8, 'Spring', 'AI', '23I-0071'),
(3.5, 'Summer', 'CS', '23I-0072'),
(3.6, 'Fall', 'DS', '23I-0073'),
(3.8, 'Spring', 'AI', '23I-0074'),
(3.9, 'Summer', 'SE', '23I-0075'),
(3.7, 'Fall', 'DS', '23I-0076'),
(3.5, 'Spring', 'AI', '23I-0077'),
(3.6, 'Summer', 'CS', '23I-0078'),
(3.8, 'Fall', 'DS', '23I-0079'),
(3.5, 'Spring', 'AI', '23I-0080'),
(3.7, 'Summer', 'SE', '23I-0081'),
(3.6, 'Fall', 'DS', '23I-0082'),
(3.8, 'Spring', 'AI', '23I-0083'),
(3.9, 'Summer', 'CS', '23I-0084'),
(3.7, 'FALL', 'DS', '23I-0085'),
(3.4, 'Spring', 'CS', '23I-0001'),
(3.3, 'Summer', 'AI', '23I-0002'),
(3.1, 'Fall', 'SE', '23I-0003'),
(3.4, 'Spring', 'DS', '23I-0004'),
(3.0, 'Summer', 'CS', '23I-0005'),
(3.3, 'Summer', 'SE', '23I-0006'),
(3.5, 'Fall', 'AI', '23I-0007'),
(3.3, 'Spring', 'DS', '23I-0008'),
(3.6, 'Spring', 'SE', '23I-0009'),
(3.5, 'Fall', 'AI', '23I-0010'),
(3.4, 'Spring', 'CS', '23I-0011'),
(3.3, 'Summer', 'DS', '23I-0012'),
(3.5, 'Spring', 'SE', '23I-0013'),
(3.7, 'Fall', 'CS', '23I-0014'),
(3.8, 'Spring', 'AI', '23I-0015'),
(3.5, 'Spring', 'DS', '23I-0016'),
(3.4, 'Summer', 'SE', '23I-0017'),
(3.2, 'Fall', 'AI', '23I-0018'),
(3.1, 'Spring', 'DS', '23I-0019'),
(3.0, 'Spring', 'CS', '23I-0020'),
(3.5, 'Summer', 'SE', '23I-0021'),
(3.9, 'Spring', 'AI', '23I-0022'),
(3.8, 'Fall', 'DS', '23I-0023'),
(3.4, 'Spring', 'SE', '23I-0024'),
(3.6, 'Summer', 'CS', '23I-0025'),
(3.7, 'Fall', 'AI', '23I-0026'),
(3.8, 'Spring', 'DS', '23I-0027'),
(3.3, 'Spring', 'SE', '23I-0028'),
(3.9, 'Summer', 'AI', '23I-0029'),
(3.7, 'Fall', 'CS', '23I-0030'),
(2.2, 'Spring', 'DS', '23I-0031'),
(3.0, 'Spring', 'SE', '23I-0032'),
(3.8, 'Summer', 'AI', '23I-0033'),
(3.6, 'Fall', 'CS', '23I-0034'),
(3.4, 'Spring', 'DS', '23I-0035'),
(3.2, 'Spring', 'SE', '23I-0036'),
(3.1, 'Fall', 'AI', '23I-0037'),
(3.3, 'Spring', 'CS', '23I-0038'),
(3.5, 'Summer', 'SE', '23I-0039'),
(3.7, 'Fall', 'AI', '23I-0040'),
(3.9, 'Spring', 'DS', '23I-0041'),
(3.0, 'Spring', 'CS', '23I-0042'),
(3.0, 'Fall', 'AI', '23I-0043'),
(3.8, 'Spring', 'SE', '23I-0044'),
(3.6, 'Summer', 'CS', '23I-0045'),
(3.4, 'Spring', 'AI', '23I-0046'),
(3.2, 'Fall', 'DS', '23I-0047'),
(3.1, 'Spring', 'SE', '23I-0048'),
(3.2, 'Summer', 'AI', '23I-0049'),
(3.3, 'Spring', 'CS', '23I-0050'),
(3.4, 'Spring', 'DS', '23I-0051'),
(3.5, 'Fall', 'SE', '23I-0052'),
(3.0, 'Spring', 'AI', '23I-0053'),
(3.9, 'Summer', 'CS', '23I-0054'),
(3.8, 'Fall', 'DS', '23I-0055'),
(3.7, 'Spring', 'AI', '23I-0056'),
(3.6, 'Spring', 'SE', '23I-0057'),
(3.5, 'Summer', 'DS', '23I-0058'),
(3.6, 'Fall', 'AI', '23I-0059'),
(3.4, 'Spring', 'CS', '23I-0060'),
(3.7, 'Spring', 'DS', '23I-0061'),
(3.3, 'Fall', 'SE', '23I-0062'),
(3.8, 'Spring', 'AI', '23I-0063'),
(3.5, 'Summer', 'CS', '23I-0064'),
(3.9, 'Spring', 'DS', '23I-0065'),
(3.1, 'Fall', 'SE', '23I-0066'),
(3.0, 'Spring', 'AI', '23I-0067'),
(3.0, 'Spring', 'CS', '23I-0068'),
(3.1, 'Spring', 'DS', '23I-0069'),
(3.9, 'Fall', 'SE', '23I-0070'),
(3.2, 'Spring', 'AI', '23I-0071'),
(3.8, 'Spring', 'CS', '23I-0072'),
(3.7, 'Summer', 'DS', '23I-0073'),
(3.4, 'Fall', 'AI', '23I-0074'),
(3.5, 'Spring', 'SE', '23I-0075'),
(3.6, 'Spring', 'DS', '23I-0076'),
(3.6, 'Fall', 'AI', '23I-0077'),
(3.9, 'Spring', 'CS', '23I-0078'),
(3.1, 'Spring', 'DS', '23I-0079'),
(3.3, 'Summer', 'AI', '23I-0080'),
(2.7, 'Fall', 'SE', '23I-0081'),
(2.6, 'Spring', 'DS', '23I-0082'),
(2.8, 'Spring', 'AI', '23I-0083'),
(2.9, 'Fall', 'CS', '23I-0084'),
(2.7, 'Spring', 'DS', '23I-0085');

INSERT INTO ADMIN (status, userId) 
VALUES
('Active', 1),
('Inactive', 2);

INSERT INTO BOOTHCOORDINATOR (shiftStartTime, shiftEndTime, userId) VALUES
('09:00:00', '13:00:00', 113),
('10:00:00', '14:00:00', 114),
('11:30:00', '15:30:00', 115),
('08:00:00', '12:00:00', 116),
('13:30:00', '17:30:00', 117);

INSERT INTO BOOTH (location, studentVisited, adminId, companyId, boothCoordinatorId) VALUES
('Courtyard A', 45, 1, 1, 1),
('Main Auditorium Entrance', 50, 2, 2, 2),
('Behind CS Block', 38, 1, 3, 3),
('In Front of Cafe', 62, 2, 4, 4),
('Library Sidewalk', 41, 1, 5, 5),
('Courtyard B', 29, 2, 6, 1),
('E Block Corridor', 55, 1, 7, 2),
('Next to Parking Area', 47, 2, 8, 3),
('Near Football Ground', 33, 1, 9, 4),
('Main Gate Sidewalk', 58, 2, 10, 5),
('Amphitheatre Steps', 40, 1, 11, 1),
('Back of B Block', 36, 2, 12, 2),
('Cafeteria Front', 63, 1, 13, 3),
('Stairs of Admin Block', 49, 2, 14, 4),
('F Block Entrance', 35, 1, 15, 5),
('Sports Complex Entry', 51, 2, 16, 1),
('Parking Lot A', 43, 1, 17, 2),
('Library Entry Path', 46, 2, 18, 3),
('Between B & C Block', 37, 1, 19, 4),
('FYP Room Exit Area', 54, 2, 20, 5),
('Next to CS Labs', 60, 1, 21, 1),
('Corridor Outside Auditorium', 48, 2, 22, 2),
('Main Lawn', 39, 1, 23, 3),
('Near Electrical Lab', 52, 2, 24, 4),
('FAST Cafe Side Entrance', 44, 1, 25, 5);


INSERT INTO JOBFAIREVENT (eventName, description, status, eventDate, eventTime, location, adminId) VALUES
('TechConnect', 'Annual tech fair connecting students with top software firms.', 'Scheduled', '2025-06-10', '10:00:00', 'Main Auditorium, FAST Islamabad', 1),
('CareerXpo', 'Career expo featuring local and international recruiters.', 'Scheduled', '2025-06-01', '09:30:00', 'Student Lounge, FAST Islamabad', 2),
('AI Career Day', 'Focus on AI and Data Science opportunities.', 'Scheduled', '2025-06-15', '11:00:00', 'CS Department Lobby', 1),
('StartupSphere', 'Showcase of tech startups and entrepreneurship talks.', 'Scheduled', '2025-06-25', '14:00:00', 'CS Lawn', 2),
('WomenInTech', 'A job fair promoting diversity in the tech industry.', 'Scheduled', '2025-06-05', '13:00:00', 'Library Lane, FAST Islamabad', 1);

INSERT INTO RECRUITER (designation, userId, companyId)
VALUES
('HR Executive', 88, 1),
('Talent Acquisition Officer', 89, 2),
('HR Manager', 90, 3),
('Recruitment Specialist', 91, 4),
('HR Associate', 92, 5),
('Technical Recruiter', 93, 6),
('Campus Coordinator', 94, 7),
('HR Partner', 95, 8),
('Lead Recruiter', 96, 9),
('Internship Coordinator', 97, 10),
('HR Generalist', 98, 11),
('Senior Recruiter', 99, 12),
('Junior Recruiter', 100, 13),
('Hiring Manager', 101, 14),
('Corporate Liaison', 102, 15),
('Onboarding Specialist', 103, 16),
('HR Business Partner', 104, 17),
('Recruitment Analyst', 105, 18),
('HR Coordinator', 106, 19),
('Talent Sourcing Specialist', 107, 20),
('Human Capital Manager', 108, 21),
('Staffing Consultant', 109, 22),
('Workforce Manager', 110, 23),
('People Operations Officer', 111, 24),
('Graduate Hiring Lead', 112, 25);

INSERT INTO JOBPOSTING (title, jobType, startingSalary, endingSalary, description, status, recruiterId)
VALUES
('Software Engineer', 'Full-Time', 70000, 120000, 'Develop scalable software solutions.', 'Open', 1),
('Marketing Intern', 'Internship', 15000, 20000, 'Assist with digital campaigns.', 'Open', 2),
('Business Analyst', 'Full-Time', 60000, 95000, 'Analyze market trends.', 'Open', 3),
('Graphic Designer', 'Internship', 12000, 18000, 'Design marketing assets.', 'In Progress', 4),
('QA Engineer', 'Full-Time', 65000, 100000, 'Ensure software quality.', 'Open', 5),
('HR Assistant', 'Internship', 10000, 15000, 'Assist in HR operations.', 'Open', 6),
('Frontend Developer', 'Full-Time', 75000, 110000, 'Build user-facing features.', 'Open', 7),
('Backend Developer', 'Full-Time', 80000, 115000, 'Maintain server-side logic.', 'Closed', 8),
('Sales Associate', 'Internship', 13000, 18000, 'Support sales team.', 'Open', 9),
('Data Analyst', 'Full-Time', 70000, 105000, 'Interpret complex data.', 'Open', 10),
('UX Researcher', 'Internship', 14000, 20000, 'Conduct user studies.', 'In Progress', 11),
('Cloud Engineer', 'Full-Time', 85000, 130000, 'Manage cloud infrastructure.', 'Open', 12),
('Finance Intern', 'Internship', 15000, 19000, 'Assist in financial reporting.', 'Open', 13),
('Mobile App Dev', 'Full-Time', 77000, 115000, 'Build mobile applications.', 'Open', 14),
('Support Engineer', 'Full-Time', 68000, 98000, 'Provide tech support.', 'Closed', 15),
('Content Writer', 'Internship', 11000, 16000, 'Write marketing content.', 'In Progress', 16),
('Cybersecurity Analyst', 'Full-Time', 90000, 135000, 'Protect IT systems.', 'Open', 17),
('Project Manager', 'Full-Time', 95000, 140000, 'Lead project execution.', 'Open', 18),
('Recruiter', 'Full-Time', 60000, 90000, 'Manage hiring process.', 'Open', 19),
('Intern - IT', 'Internship', 13000, 17000, 'Support IT tasks.', 'Open', 20),
('System Analyst', 'Full-Time', 78000, 112000, 'Analyze system requirements.', 'Open', 21),
('Operations Intern', 'Internship', 12500, 17500, 'Assist operations team.', 'In Progress', 22),
('Digital Marketer', 'Full-Time', 67000, 96000, 'Manage digital campaigns.', 'Open', 23),
('Product Designer', 'Full-Time', 80000, 120000, 'Design intuitive products.', 'Open', 24),
('Admin Intern', 'Internship', 12000, 15000, 'Assist with admin tasks.', 'Open', 25),
('Java Developer', 'Full-Time', 85000, 130000, 'Develop Java applications.', 'Open', 1),
('Python Dev', 'Full-Time', 88000, 125000, 'Develop Python software.', 'In Progress', 2),
('Customer Support Rep', 'Full-Time', 50000, 75000, 'Resolve customer queries.', 'Open', 3),
('Data Scientist', 'Full-Time', 95000, 145000, 'Build ML models.', 'Open', 4),
('UI Intern', 'Internship', 14000, 18000, 'Assist in UI design.', 'Open', 5),
('Video Editor', 'Internship', 13000, 17500, 'Edit marketing videos.', 'Open', 6),
('Marketing Lead', 'Full-Time', 70000, 110000, 'Lead marketing efforts.', 'Open', 7),
('IT Support', 'Full-Time', 62000, 85000, 'Support internal IT.', 'Open', 8),
('B2B Sales Exec', 'Full-Time', 78000, 115000, 'Drive B2B sales.', 'Closed', 9),
('SEO Intern', 'Internship', 12000, 15000, 'Optimize content.', 'Open', 10),
('Cloud DevOps', 'Full-Time', 89000, 135000, 'Deploy cloud solutions.', 'Open', 11),
('Design Intern', 'Internship', 10000, 13000, 'Support UI/UX design.', 'Open', 12),
('Network Engineer', 'Full-Time', 80000, 120000, 'Manage network infra.', 'Open', 13),
('ML Engineer', 'Full-Time', 100000, 145000, 'Develop ML pipelines.', 'In Progress', 14),
('Accounting Intern', 'Internship', 11000, 16000, 'Assist in accounting.', 'Open', 15),
('DevOps Intern', 'Internship', 14000, 19000, 'Support CI/CD tasks.', 'Open', 16),
('Android Developer', 'Full-Time', 88000, 128000, 'Develop Android apps.', 'Open', 17),
('iOS Developer', 'Full-Time', 87000, 127000, 'Build iOS applications.', 'Closed', 18),
('Automation Tester', 'Full-Time', 76000, 102000, 'Automate QA processes.', 'Open', 19),
('Customer Success', 'Full-Time', 68000, 97000, 'Support customer onboarding.', 'Open', 20),
('Legal Intern', 'Internship', 15000, 19000, 'Assist legal team.', 'Open', 21),
('Procurement Officer', 'Full-Time', 72000, 110000, 'Manage vendor relations.', 'Open', 22),
('Event Planner', 'Internship', 13000, 17000, 'Support event planning.', 'Open', 23),
('Business Dev Exec', 'Full-Time', 78000, 120000, 'Grow client base.', 'Open', 24),
('Web Developer', 'Full-Time', 83000, 125000, 'Create websites.', 'Open', 25);

INSERT INTO REQUIREDSKILLS (description, jobPostingId)
VALUES
('Proficient in Java programming', 1),
('Experience with HTML, CSS, and JavaScript', 2),
('Strong analytical skills', 3),
('Experience with Adobe Creative Suite', 4),
('Proficient in Python and automation tools', 5),
('Knowledge of HR systems and recruitment processes', 6),
('Experience with ReactJS and frontend frameworks', 7),
('Expert in SQL and database management', 8),
('Strong communication and presentation skills', 9),
('Proficient in Excel and data analysis', 10),
('Experience with user testing and research', 11),
('Strong knowledge of cloud platforms like AWS or Azure', 12),
('Knowledge of financial reporting tools', 13),
('Proficient in Swift or Kotlin for mobile app development', 14),
('Technical support troubleshooting skills', 15),
('Excellent writing and communication skills', 16),
('Experience with cybersecurity frameworks', 17),
('Project management and leadership skills', 18),
('Strong organizational and time-management skills', 19),
('Familiarity with IT support tools and ticketing systems', 20),
('Experience with system analysis and software documentation', 21),
('Knowledge of business operations and logistics', 22),
('Familiarity with digital marketing tools and SEO', 23),
('Experience with user experience design principles', 24),
('Strong knowledge of computer networks and protocols', 25),
('Proficient in machine learning algorithms and tools', 1),
('Experience with Google Analytics and data visualization', 2),
('Knowledge of accounting software and financial systems', 3),
('Proficient in DevOps tools and CI/CD pipelines', 4),
('Strong knowledge of mobile development frameworks', 5),
('Experience with social media marketing', 6),
('Experience in sales and customer relationship management', 7),
('Proficiency in automation testing tools', 8),
('Knowledge of CRM software and strategies', 9),
('Experience with cloud computing and server management', 10),
('Knowledge of legal regulations and compliance', 11),
('Proficiency in procurement and supply chain management', 12),
('Familiarity with event management software', 13),
('Experience with client communication and negotiation', 14),
('Proficient in web development and CMS tools', 15),
('Knowledge of digital advertising platforms', 16),
('Proficient in JavaScript and front-end technologies', 17),
('Experience with Agile methodologies', 18),
('Experience in system configuration and deployment', 19),
('Strong problem-solving and debugging skills', 20),
('Experience with backend frameworks like Node.js', 21),
('Familiarity with version control systems like Git', 22),
('Experience with network security and firewalls', 23),
('Proficiency in Python and data science libraries', 24),
('Knowledge of customer onboarding and retention strategies', 25);

INSERT INTO APPLICATION (applicationDate, status, jobPostingId, studentId,recruiterId) 
VALUES
('2024-08-29', 'Accepted', 33, '23I-0005',1),
('2024-10-19', 'Accepted', 15, '23I-0039',2),
('2024-11-10', 'Pending', 9, '23I-0022',3),
('2024-11-08', 'Rejected', 1, '23I-0006',4),
('2024-05-14', 'Pending', 44, '23I-0045',5),
('2024-07-31', 'Rejected', 25, '23I-0028',6),
('2024-12-17', 'Accepted', 6, '23I-0003',7),
('2024-08-07', 'Pending', 1, '23I-0046',8),
('2024-05-28', 'Accepted', 31, '23I-0084',9),
('2024-07-24', 'Pending', 39, '23I-0072',10),
('2024-09-24', 'Pending', 33, '23I-0053',11),
('2024-10-06', 'Pending', 49, '23I-0031',12),
('2024-09-06', 'Pending', 44, '23I-0053',13),
('2024-10-10', 'Rejected', 2, '23I-0028',14),
('2024-08-01', 'Rejected', 16, '23I-0056',15),
('2024-10-08', 'Accepted', 48, '23I-0047',16),
('2024-09-10', 'Pending', 23, '23I-0056',17),
('2024-06-14', 'Accepted', 35, '23I-0042',18),
('2024-08-26', 'Pending', 46, '23I-0021',19),
('2024-04-20', 'Accepted', 7, '23I-0001',20),
('2024-06-24', 'Accepted', 15, '23I-0056',21),
('2024-05-06', 'Accepted', 50, '23I-0012',22),
('2024-09-26', 'Pending', 13, '23I-0068',23),
('2024-06-11', 'Pending', 45, '23I-0027',24),
('2024-12-02', 'Accepted', 24, '23I-0061',25),
('2024-11-11', 'Rejected', 11, '23I-0005',1),
('2024-10-27', 'Accepted', 15, '23I-0059',2),
('2024-08-26', 'Accepted', 42, '23I-0035',3),
('2024-11-03', 'Accepted', 34, '23I-0071',4),
('2024-07-27', 'Accepted', 48, '23I-0042',5),
('2024-10-10', 'Rejected', 30, '23I-0032',6),
('2024-10-02', 'Rejected', 26, '23I-0052',7),
('2024-08-01', 'Pending', 49, '23I-0075',8),
('2024-07-16', 'Rejected', 17, '23I-0016',9),
('2024-10-08', 'Accepted', 46, '23I-0071',10),
('2024-08-19', 'Rejected', 26, '23I-0003',11),
('2024-09-12', 'Accepted', 50, '23I-0064',12),
('2024-06-01', 'Rejected', 38, '23I-0042',13),
('2024-11-10', 'Rejected', 46, '23I-0079',14),
('2024-10-07', 'Rejected', 11, '23I-0037',15),
('2024-07-25', 'Rejected', 19, '23I-0081',16),
('2024-11-19', 'Rejected', 42, '23I-0006',17),
('2024-05-04', 'Rejected', 1, '23I-0065',18),
('2024-07-05', 'Accepted', 41, '23I-0017',19),
('2024-06-11', 'Pending', 47, '23I-0043',20),
('2024-09-04', 'Pending', 15, '23I-0035',21),
('2024-10-21', 'Pending', 18, '23I-0037',22),
('2024-06-26', 'Rejected', 10, '23I-0052',23),
('2024-06-23', 'Pending', 48, '23I-0005',24),
('2024-10-15', 'Accepted', 8, '23I-0003',25),
('2024-08-05', 'Accepted', 23, '23I-0005',1),
('2024-10-24', 'Pending', 46, '23I-0011',2),
('2024-10-22', 'Pending', 10, '23I-0075',3),
('2024-08-16', 'Accepted', 6, '23I-0050',4),
('2024-10-09', 'Accepted', 24, '23I-0068',5),
('2024-05-09', 'Pending', 5, '23I-0046',6),
('2024-05-12', 'Pending', 39, '23I-0028',7),
('2024-09-11', 'Pending', 25, '23I-0067',8),
('2024-09-21', 'Pending', 2, '23I-0053',9),
('2024-08-06', 'Rejected', 18, '23I-0073',10),
('2024-05-24', 'Pending', 27, '23I-0035',11),
('2024-06-24', 'Pending', 1, '23I-0014',12),
('2024-07-15', 'Pending', 26, '23I-0073',13),
('2024-10-19', 'Accepted', 2, '23I-0067',14),
('2024-06-04', 'Pending', 16, '23I-0066',15),
('2024-07-28', 'Rejected', 23, '23I-0039',16),
('2024-08-29', 'Accepted', 43, '23I-0024',17),
('2024-08-20', 'Accepted', 47, '23I-0077',18),
('2024-08-07', 'Rejected', 24, '23I-0062',19),
('2024-08-13', 'Pending', 9, '23I-0077',20),
('2024-09-25', 'Accepted', 29, '23I-0009',21),
('2024-08-20', 'Accepted', 25, '23I-0024',22),
('2024-11-20', 'Pending', 29, '23I-0085',23),
('2024-05-27', 'Rejected', 39, '23I-0029',24),
('2024-12-19', 'Pending', 7, '23I-0072',25),
('2024-12-28', 'Rejected', 3, '23I-0019',1),
('2024-08-18', 'Rejected', 25, '23I-0063',2),
('2024-05-07', 'Accepted', 34, '23I-0053',3),
('2024-09-01', 'Rejected', 47, '23I-0050',4),
('2024-07-21', 'Pending', 35, '23I-0016',5),
('2024-08-10', 'Rejected', 41, '23I-0043',6),
('2024-07-31', 'Pending', 24, '23I-0009',7),
('2024-04-23', 'Pending', 21, '23I-0078',8),
('2024-05-01', 'Rejected', 11, '23I-0040',9),
('2024-06-29', 'Rejected', 27, '23I-0081',10),
('2024-10-21', 'Pending', 43, '23I-0015',11),
('2024-06-05', 'Pending', 46, '23I-0074',12),
('2024-09-16', 'Pending', 5, '23I-0030',13),
('2024-11-01', 'Pending', 23, '23I-0076',14),
('2024-09-24', 'Accepted', 20, '23I-0082',15),
('2024-06-27', 'Accepted', 47, '23I-0019',16),
('2024-09-28', 'Pending', 33, '23I-0076',17),
('2024-08-07', 'Rejected', 31, '23I-0049',18),
('2024-09-01', 'Accepted', 37, '23I-0031',19),
('2024-07-23', 'Rejected', 38, '23I-0063',20),
('2024-10-09', 'Accepted', 30, '23I-0042',21),
('2024-11-13', 'Rejected', 28, '23I-0015',22),
('2024-05-17', 'Accepted', 42, '23I-0049',23),
('2024-06-08', 'Rejected', 18, '23I-0054',24),
('2024-07-20', 'Rejected', 45, '23I-0062',25),
('2024-06-18', 'Pending', 12, '23I-0001',1),
('2024-09-15', 'Rejected', 27, '23I-0059',2),
('2024-08-20', 'Pending', 25, '23I-0008',3),
('2024-12-23', 'Accepted', 2, '23I-0072',4),
('2024-12-25', 'Accepted', 32, '23I-0067',5),
('2024-12-08', 'Pending', 38, '23I-0069',6),
('2024-05-24', 'Rejected', 26, '23I-0026',7),
('2024-08-09', 'Rejected', 26, '23I-0005',8),
('2024-08-22', 'Pending', 46, '23I-0013',9),
('2024-05-23', 'Rejected', 19, '23I-0028',10),
('2024-08-07', 'Pending', 28, '23I-0071',11),
('2024-11-19', 'Accepted', 17, '23I-0045',12),
('2024-05-31', 'Accepted', 15, '23I-0027',13),
('2024-08-14', 'Pending', 27, '23I-0010',14),
('2024-08-18', 'Pending', 48, '23I-0028',15),
('2024-11-22', 'Accepted', 50, '23I-0043',16),
('2024-10-16', 'Accepted', 23, '23I-0049',17),
('2024-10-03', 'Rejected', 6, '23I-0024',18),
('2024-10-29', 'Accepted', 37, '23I-0071',19),
('2024-08-18', 'Pending', 36, '23I-0036',20),
('2024-11-21', 'Pending', 3, '23I-0043',21),
('2024-10-18', 'Accepted', 39, '23I-0013',22),
('2024-07-23', 'Accepted', 26, '23I-0072',23),
('2024-08-06', 'Accepted', 9, '23I-0058',24),
('2024-07-14', 'Pending', 47, '23I-0022',25),
('2024-06-20', 'Pending', 43, '23I-0062',1),
('2024-09-21', 'Pending', 36, '23I-0056',2),
('2024-10-14', 'Pending', 38, '23I-0064',3),
('2024-10-22', 'Accepted', 40, '23I-0021',4),
('2024-04-26', 'Accepted', 23, '23I-0085',5),
('2024-06-30', 'Accepted', 32, '23I-0022',6),
('2024-11-18', 'Rejected', 18, '23I-0047',7),
('2024-08-29', 'Pending', 7, '23I-0005',8),
('2024-07-13', 'Pending', 42, '23I-0061',9),
('2024-08-16', 'Accepted', 10, '23I-0078',10),
('2024-06-16', 'Pending', 35, '23I-0023',11),
('2024-08-04', 'Accepted', 46, '23I-0081',12),
('2024-08-25', 'Accepted', 9, '23I-0003',13),
('2024-09-13', 'Pending', 36, '23I-0037',14),
('2024-08-10', 'Pending', 42, '23I-0008',15),
('2024-12-13', 'Pending', 40, '23I-0043',16),
('2024-09-01', 'Pending', 47, '23I-0036',17),
('2024-05-14', 'Rejected', 33, '23I-0067',18),
('2024-10-22', 'Pending', 41, '23I-0028',19),
('2024-07-01', 'Accepted', 15, '23I-0014',20),
('2024-11-26', 'Pending', 42, '23I-0017',21),
('2024-05-16', 'Accepted', 13, '23I-0019',22),
('2024-11-28', 'Pending', 20, '23I-0046',23),
('2024-09-06', 'Rejected', 38, '23I-0041',24),
('2024-08-20', 'Pending', 44, '23I-0010',25),
('2024-05-28', 'Rejected', 47, '23I-0058',1),
('2024-08-12', 'Rejected', 27, '23I-0036',2),
('2024-11-05', 'Pending', 48, '23I-0022',3),
('2024-05-22', 'Pending', 18, '23I-0069',4),
('2024-12-17', 'Accepted', 33, '23I-0048',5),
('2024-07-27', 'Pending', 46, '23I-0068',6),
('2024-06-10', 'Pending', 6, '23I-0060',7),
('2024-09-10', 'Pending', 24, '23I-0012',8),
('2024-07-11', 'Accepted', 40, '23I-0031',9),
('2024-07-08', 'Pending', 46, '23I-0019',10),
('2024-12-25', 'Pending', 13, '23I-0052',11),
('2024-08-22', 'Rejected', 11, '23I-0002',12),
('2024-07-26', 'Rejected', 1, '23I-0045',13),
('2024-09-29', 'Rejected', 14, '23I-0061',14),
('2024-09-18', 'Accepted', 29, '23I-0063',15),
('2024-06-05', 'Accepted', 17, '23I-0048',16),
('2024-09-27', 'Rejected', 25, '23I-0051',17),
('2024-10-04', 'Accepted', 25, '23I-0053',18),
('2024-07-03', 'Pending', 6, '23I-0053',19),
('2024-10-26', 'Rejected', 36, '23I-0045',20),
('2024-07-13', 'Accepted', 18, '23I-0031',21),
('2024-11-05', 'Pending', 30, '23I-0079',22),
('2024-05-13', 'Pending', 22, '23I-0033',23),
('2024-05-27', 'Accepted', 3, '23I-0050',24),
('2024-12-27', 'Accepted', 31, '23I-0065',25),
('2024-07-28', 'Pending', 23, '23I-0038',1),
('2024-10-24', 'Accepted', 8, '23I-0044',2),
('2024-09-23', 'Accepted', 19, '23I-0075',3),
('2024-08-07', 'Pending', 32, '23I-0027',4),
('2024-09-11', 'Rejected', 47, '23I-0027',5),
('2024-10-14', 'Pending', 20, '23I-0079',6),
('2024-12-10', 'Accepted', 7, '23I-0074',7),
('2024-11-13', 'Rejected', 22, '23I-0029',8),
('2024-08-09', 'Pending', 9, '23I-0026',9),
('2024-06-26', 'Accepted', 38, '23I-0062',10),
('2024-06-14', 'Pending', 33, '23I-0082',11),
('2024-11-17', 'Rejected', 6, '23I-0005',12),
('2024-07-06', 'Rejected', 4, '23I-0075',13),
('2024-07-04', 'Rejected', 34, '23I-0049',14),
('2024-07-28', 'Accepted', 12, '23I-0035',15),
('2024-11-08', 'Pending', 18, '23I-0021',16),
('2024-05-25', 'Rejected', 35, '23I-0062',17),
('2024-05-13', 'Accepted', 24, '23I-0037',18),
('2024-09-16', 'Rejected', 35, '23I-0053',19),
('2024-07-14', 'Accepted', 1, '23I-0007',20),
('2024-08-14', 'Rejected', 23, '23I-0062',21),
('2024-07-20', 'Accepted', 12, '23I-0056',22),
('2024-08-17', 'Rejected', 1, '23I-0057',23),
('2024-05-26', 'Accepted', 24, '23I-0082',24),
('2024-07-21', 'Accepted', 21, '23I-0031',25);

INSERT INTO INTERVIEW (interviewDate, interviewTime, interviewStatus, boothId, applicationId, recruiterId)
VALUES
('2025-06-05', '14:15:00', 'Scheduled', 8, 1, 10),
('2025-06-15', '17:45:00', 'Completed', 3, 2, 1),
('2025-06-04', '15:30:00', 'Cancelled', 20, 3, 1),
('2025-07-14', '17:30:00', 'Cancelled', 14, 4, 6),
('2025-06-16', '14:00:00', 'Completed', 6, 5, 25),
('2025-06-15', '16:30:00', 'Cancelled', 5, 6, 22),
('2025-07-10', '11:30:00', 'Completed', 9, 7, 17),
('2025-06-08', '16:00:00', 'Completed', 12, 8, 16),
('2025-06-29', '15:15:00', 'Completed', 14, 9, 19),
('2025-06-25', '14:15:00', 'Completed', 4, 10, 19),
('2025-07-11', '17:00:00', 'Cancelled', 14, 11, 2),
('2025-07-08', '17:15:00', 'Completed', 6, 12, 6),
('2025-09-03', '16:00:00', 'Cancelled', 11, 13, 3),
('2025-10-25', '17:15:00', 'Cancelled', 17, 14, 24),
('2025-08-26', '13:15:00', 'Cancelled', 16, 15, 1),
('2025-09-27', '17:00:00', 'Completed', 19, 16, 14),
('2025-10-04', '09:30:00', 'Completed', 5, 17, 17),
('2025-08-04', '09:00:00', 'Scheduled', 2, 18, 14),
('2025-06-21', '09:30:00', 'Cancelled', 12, 19, 6),
('2025-06-11', '12:30:00', 'Scheduled', 4, 20, 8),
('2025-06-23', '14:15:00', 'Scheduled', 6, 21, 23),
('2025-06-29', '16:00:00', 'Cancelled', 15, 22, 20),
('2025-06-02', '16:45:00', 'Completed', 13, 23, 1),
('2025-06-17', '17:45:00', 'Completed', 2, 24, 7),
('2025-06-09', '09:00:00', 'Completed', 5, 25, 4),
('2025-06-05', '12:45:00', 'Cancelled', 10, 26, 10),
('2025-06-05', '15:30:00', 'Cancelled', 18, 27, 25),
('2025-06-16', '09:30:00', 'Cancelled', 5, 28, 4),
('2025-06-06', '13:00:00', 'Completed', 3, 29, 5),
('2025-06-19', '15:30:00', 'Scheduled', 2, 30, 1),
('2025-06-25', '10:00:00', 'Cancelled', 10, 31, 12),
('2025-06-08', '15:00:00', 'Completed', 12, 32, 4),
('2025-06-02', '13:45:00', 'Scheduled', 12, 33, 3),
('2025-06-07', '11:45:00', 'Cancelled', 1, 34, 13),
('2025-06-15', '12:15:00', 'Cancelled', 16, 35, 6),
('2025-06-21', '13:30:00', 'Completed', 3, 36, 12),
('2025-06-28', '12:15:00', 'Completed', 3, 37, 19),
('2025-06-21', '14:00:00', 'Cancelled', 2, 38, 5),
('2025-06-04', '15:00:00', 'Cancelled', 8, 39, 11),
('2025-06-29', '15:30:00', 'Completed', 6, 40, 7),
('2025-06-09', '16:15:00', 'Cancelled', 8, 41, 21),
('2025-06-02', '10:30:00', 'Cancelled', 1, 42, 12),
('2025-06-12', '15:45:00', 'Cancelled', 7, 43, 10),
('2025-06-19', '15:30:00', 'Scheduled', 5, 44, 12),
('2025-06-15', '10:45:00', 'Cancelled', 5, 45, 6),
('2025-06-09', '14:30:00', 'Completed', 1, 46, 20),
('2025-06-13', '17:30:00', 'Scheduled', 12, 47, 18),
('2025-06-24', '09:00:00', 'Cancelled', 16, 48, 21),
('2025-06-23', '09:15:00', 'Cancelled', 8, 49, 9),
('2025-06-17', '15:00:00', 'Cancelled', 5, 50, 23),
('2025-06-05', '12:45:00', 'Completed', 1, 51, 18),
('2025-06-24', '13:30:00', 'Scheduled', 4, 52, 24),
('2025-06-16', '10:00:00', 'Scheduled', 11, 53, 22),
('2025-06-03', '14:30:00', 'Cancelled', 15, 54, 7),
('2025-06-30', '09:15:00', 'Completed', 14, 55, 24),
('2025-06-12', '16:15:00', 'Completed', 4, 56, 4),
('2025-06-19', '17:15:00', 'Cancelled', 17, 57, 7),
('2025-06-24', '14:00:00', 'Scheduled', 19, 58, 24),
('2025-06-30', '13:30:00', 'Scheduled', 15, 59, 14),
('2025-06-07', '13:30:00', 'Scheduled', 6, 60, 23),
('2025-06-04', '16:00:00', 'Cancelled', 8, 61, 13),
('2025-06-17', '14:30:00', 'Scheduled', 20, 62, 24),
('2025-06-01', '17:00:00', 'Completed', 5, 63, 3),
('2025-06-14', '17:00:00', 'Scheduled', 11, 64, 5),
('2025-06-13', '12:45:00', 'Cancelled', 15, 65, 11),
('2025-06-26', '16:30:00', 'Scheduled', 9, 66, 13),
('2025-06-18', '16:45:00', 'Cancelled', 1, 67, 10),
('2025-06-18', '09:00:00', 'Scheduled', 14, 68, 15);

INSERT INTO HIRING_OUTCOME (finalStatus, decisionDate, packageOffered, remarks, interviewId)
VALUES 
('Hired', '2025-07-01', 72000, 'Excellent candidate', 1),
('Rejected', '2025-08-31', NULL, 'Not a good fit', 2),
('Hired', '2025-07-02', 69000, 'Good communication', 3),
('Rejected', '2025-07-03', NULL, 'Weak technical', 4),
('Hired', '2025-07-04', 71000, 'Impressive profile', 5),
('Rejected', '2025-07-05', NULL, 'Low score', 6),
('Hired', '2025-07-06', 68000, 'Promising skills', 7),
('Rejected', '2025-07-07', NULL, 'Lack of experience', 8),
('Hired', '2025-07-08', 75000, 'Highly skilled', 9),
('Rejected', '2025-07-09', NULL, 'Failed test', 10),
('Hired', '2025-07-10', 80000, 'Confident speaker', 11),
('Rejected', '2025-07-11', NULL, 'Not responsive', 12),
('Hired', '2025-07-12', 73000, 'Strong academic', 13),
('Rejected', '2025-07-13', NULL, 'Unprepared', 14),
('Hired', '2025-07-14', 76000, 'Ready to onboard', 15),
('Rejected', '2025-07-15', NULL, 'Job mismatch', 16),
('Hired', '2025-07-16', 78000, 'Excellent logic', 17),
('Rejected', '2025-07-17', NULL, 'No portfolio', 18),
('Hired', '2025-07-18', 81000, 'Great potential', 19),
('Rejected', '2025-07-19', NULL, 'Late submission', 20),
('Hired', '2025-07-01', 79000, 'Highly rated', 21),
('Rejected', '2025-07-02', NULL, 'Failed to deliver', 22),
('Hired', '2025-07-03', 69500, 'Very responsive', 23),
('Rejected', '2025-07-04', NULL, 'Bad attitude', 24),
('Hired', '2025-07-05', 71500, 'Cultural fit', 25),
('Rejected', '2025-07-06', NULL, 'Language barrier', 26),
('Hired', '2025-07-07', 80500, 'Fast learner', 27),
('Rejected', '2025-07-08', NULL, 'Weak resume', 28),
('Hired', '2025-07-09', 83000, 'Very polished', 29),
('Rejected', '2025-07-10', NULL, 'Inconsistent story', 30),
('Hired', '2025-07-11', 70000, 'Prepared well', 31),
('Rejected', '2025-07-12', NULL, 'Incomplete answers', 32),
('Hired', '2025-07-13', 78500, 'Knows tech stack', 33),
('Rejected', '2025-07-14', NULL, 'Distracted', 34),
('Hired', '2025-07-15', 82000, 'Asked good questions', 35),
('Rejected', '2025-07-16', NULL, 'Didnt follow up', 36),
('Hired', '2025-07-17', 79000, 'Professional', 37),
('Rejected', '2025-07-18', NULL, 'Missed deadline', 38),
('Hired', '2025-07-19', 81000, 'Highly recommended', 39),
('Rejected', '2025-07-01', NULL, 'No passion', 40),
('Hired', '2025-07-02', 78000, 'Organized thinker', 41),
('Rejected', '2025-07-03', NULL, 'Not attentive', 42),
('Hired', '2025-07-04', 76500, 'Quick response', 43),
('Rejected', '2025-07-05', NULL, 'Weak logic', 44),
('Hired', '2025-07-06', 83000, 'Clear answers', 45),
('Rejected', '2025-07-07', NULL, 'Unconvincing', 46),
('Hired', '2025-07-08', 81500, 'Team player', 47),
('Rejected', '2025-07-09', NULL, 'Didnt try enough', 48),
('Hired', '2025-07-10', 79000, 'Top performer', 49),
('Rejected', '2025-07-11', NULL, 'Didnt impress', 50),
('Hired', '2025-07-12', 74500, 'Detail oriented', 51),
('Rejected', '2025-07-13', NULL, 'Late to interview', 52),
('Hired', '2025-07-14', 82000, 'Good grasp', 53),
('Rejected', '2025-07-15', NULL, 'Rude behavior', 54),
('Hired', '2025-07-16', 81000, 'Very knowledgeable', 55),
('Rejected', '2025-07-17', NULL, 'No technical skill', 56),
('Hired', '2025-07-18', 73000, 'Quick thinker', 57),
('Rejected', '2025-07-19', NULL, 'Vague responses', 58),
('Hired', '2025-07-01', 74000, 'Problem solver', 59),
('Rejected', '2025-07-02', NULL, 'Unstable answers', 60),
('Hired', '2025-07-03', 72000, 'Interactive', 61),
('Rejected', '2025-07-04', NULL, 'Weak logic', 62),
('Hired', '2025-07-05', 78500, 'Balanced profile', 63),
('Rejected', '2025-07-06', NULL, 'No passion', 64),
('Hired', '2025-07-07', 75000, 'Confident', 65),
('Rejected', '2025-07-08', NULL, 'Didnt qualify', 66),
('Hired', '2025-07-09', 79500, 'Well-prepared', 67),
('Rejected', '2025-07-10', NULL, 'Low confidence', 68);

INSERT INTO REVIEW (comments, rating, studentId, interviewId)
VALUES 
('Very helpful experience', 4.50, '23I-0001', 1),
('Panel was friendly', 4.20, '23I-0002', 2),
('Fair process', 3.80, '23I-0003', 3),
('Tough but fair', 4.00, '23I-0004', 4),
('Confusing questions', 2.50, '23I-0005', 5),
('Great opportunity', 4.70, '23I-0006', 6),
('Good learning', 4.30, '23I-0007', 7),
('Not well organized', 2.80, '23I-0008', 8),
('Clear expectations', 4.10, '23I-0009', 9),
('Fast-paced interview', 3.90, '23I-0010', 10),
('Friendly environment', 4.60, '23I-0011', 11),
('Challenging', 3.70, '23I-0012', 12),
('Very formal', 3.20, '23I-0013', 13),
('Helpful feedback', 4.40, '23I-0014', 14),
('Confidence boost', 4.80, '23I-0015', 15),
('Hard technical round', 2.90, '23I-0016', 16),
('Panel was late', 2.50, '23I-0017', 17),
('Professional team', 4.30, '23I-0018', 18),
('Polite and respectful', 4.10, '23I-0019', 19),
('Stressful experience', 2.60, '23I-0020', 20),
('Loved the experience', 5.00, '23I-0021', 21),
('Tiring but good', 3.60, '23I-0022', 22),
('Expected more clarity', 3.10, '23I-0023', 23),
('Too many rounds', 2.80, '23I-0024', 24),
('Good communication', 4.50, '23I-0025', 25),
('Helpful questions', 4.00, '23I-0026', 26),
('Punctual panel', 4.20, '23I-0027', 27),
('Very structured', 4.30, '23I-0028', 28),
('Too technical', 3.00, '23I-0029', 29),
('Surprising topics', 3.90, '23I-0030', 30),
('Felt nervous', 2.70, '23I-0031', 31),
('Appreciate the chance', 4.60, '23I-0032', 32),
('Not what I expected', 2.40, '23I-0033', 33),
('Questions were fair', 4.10, '23I-0034', 34),
('Panel was calm', 4.00, '23I-0035', 35),
('Could do better', 3.30, '23I-0036', 36),
('Good flow', 4.20, '23I-0037', 37),
('Too short', 2.90, '23I-0038', 38),
('Professional setup', 4.50, '23I-0039', 39),
('No clear feedback', 3.00, '23I-0040', 40),
('Well prepared', 4.70, '23I-0041', 41),
('Supportive panel', 4.40, '23I-0042', 42),
('Highly recommended', 5.00, '23I-0043', 43),
('Mediocre', 3.00, '23I-0044', 44),
('Unexpected questions', 3.20, '23I-0045', 45),
('Panel lacked energy', 2.60, '23I-0046', 46),
('Nice interaction', 4.10, '23I-0047', 47),
('Not interactive', 2.70, '23I-0048', 48),
('Good learning', 4.30, '23I-0049', 49),
('Confusing format', 2.80, '23I-0050', 50),
('Appreciate chance', 4.60, '23I-0051', 51),
('Could improve', 3.20, '23I-0052', 52),
('Well balanced', 4.40, '23I-0053', 53),
('Difficult questions', 2.90, '23I-0054', 54),
('Great vibes', 4.80, '23I-0055', 55),
('Repetitive questions', 2.70, '23I-0056', 56),
('Clear direction', 4.20, '23I-0057', 57),
('Stress-free', 4.00, '23I-0058', 58),
('Noisy environment', 2.50, '23I-0059', 59),
('Too detailed', 3.30, '23I-0060', 60),
('Interactive session', 4.30, '23I-0061', 61),
('Challenging start', 3.60, '23I-0062', 62),
('Perfect experience', 5.00, '23I-0063', 63),
('Couldnt answer all', 2.60, '23I-0064', 64),
('Highly technical', 3.80, '23I-0065', 65),
('Positive vibe', 4.10, '23I-0066', 66),
('Very efficient', 4.50, '23I-0067', 67),
('Process took long', 3.00, '23I-0068', 68);

SELECT * FROM COMPANY;		--25
SELECT * FROM USERS;		--112	1-2 admin, 3-87student, 88-112 recruiter, 113-117 BoothCoordinator
SELECT * FROM STUDENT;		--85
SELECT * FROM SKILL;		--100
SELECT * FROM ACADEMIC_RECORD;		--170
SELECT * FROM ADMIN;		--2
SELECT * FROM BOOTHCOORDINATOR;		--5
SELECT * FROM BOOTH;		--25
SELECT * FROM JOBFAIREVENT;		--5
SELECT * FROM RECRUITER;		--25
SELECT * FROM JOBPOSTING;		--50
SELECT * FROM REQUIREDSKILLS;		--50
SELECT * FROM APPLICATION;		--200
SELECT * FROM INTERVIEW;		--68
SELECT * FROM REVIEW;		--68
SELECT * FROM HIRING_OUTCOME;		--68


DROP TABLE HIRING_OUTCOME;
DROP TABLE REVIEW;
DROP TABLE INTERVIEW;
DROP TABLE APPLICATION;
DROP TABLE REQUIREDSKILLS;
DROP TABLE JOBPOSTING;
DROP TABLE RECRUITER;
DROP TABLE JOBFAIREVENT;
DROP TABLE BOOTH;
DROP TABLE BOOTHCOORDINATOR;
DROP TABLE ADMIN;
DROP TABLE ACADEMIC_RECORD;
DROP TABLE SKILL;
DROP TABLE STUDENT;
DROP TABLE USERS;
DROP TABLE COMPANY;
